name,totalVoters,ballotsCast,voterTurnout,percentReporting,perdue,ossoff,loeffler,warnock,county,sosid
1B,1330,0,0.0,1,0,0,0,0,Appling,0011B
1C,868,0,0.0,1,0,0,0,0,Appling,0011C
2,2308,0,0.0,1,0,0,0,0,Appling,0012
3A1,815,0,0.0,1,0,0,0,0,Appling,0013A1
3C,1605,0,0.0,1,0,0,0,0,Appling,0013C
4B,883,0,0.0,1,0,0,0,0,Appling,0014B
4D,1529,0,0.0,1,0,0,0,0,Appling,0014D
5A,1164,0,0.0,1,0,0,0,0,Appling,0015A
5B,1162,0,0.0,1,0,0,0,0,Appling,0015B
Pearson County,1841,87,4.73,1,58,29,59,28,Atkinson,0030001
Axson,751,26,3.46,1,23,3,22,4,Atkinson,0030002
Willacoochee,1342,69,5.14,1,32,37,31,37,Atkinson,0030003
Pearson City,943,62,6.57,1,19,43,20,42,Atkinson,0030004
Douglas,6720,4137,61.56,4,3566,558,3569,558,Bacon,005DOUGL
Anna,168,107,63.69,4,85,22,85,22,Baker,007A
Elmodel,399,195,48.87,4,109,85,111,83,Baker,007E
Hoggards Mill,359,162,45.13,4,88,71,90,71,Baker,007H
Milford,274,59,21.53,2,42,17,42,17,Baker,007M
Newton,1075,507,47.16,4,311,193,312,193,Baker,007N
South Milledgeville,1266,673,53.16,4,129,536,128,541,Baldwin,009CTY1
City Hall Annex,969,306,31.58,2,71,229,71,233,Baldwin,009CTY2
Boddie,1406,406,28.88,2,65,340,64,342,Baldwin,009CTY3
Courthouse,511,178,34.83,2,62,116,59,119,Baldwin,009CTY4
Fire Dept,1508,838,55.57,4,162,674,162,674,Baldwin,009CTY5
North Milledgeville,2240,1517,67.72,4,719,798,719,796,Baldwin,009CTY6
Meriweather,2888,1564,54.16,2,907,653,902,661,Baldwin,009MERI
East Baldwin,3877,1889,48.72,2,1019,867,1013,872,Baldwin,009MONT
Scottsboro,1131,399,35.28,2,210,188,211,188,Baldwin,0091714
North Baldwin,3550,1925,54.23,2,1295,628,1294,630,Baldwin,009318
West Baldwin,1900,912,48.0,2,446,464,443,469,Baldwin,009319
East Hardwick,1322,327,24.74,2,62,262,63,263,Baldwin,009321E
West Hardwick,2933,1301,44.36,2,245,1051,241,1058,Baldwin,009321W
Coopers,1587,626,39.45,2,385,241,387,239,Baldwin,009322
Anderson,0,0,0.0,1,0,0,0,0,Banks,0110001
Baldwin,0,0,0.0,1,0,0,0,0,Banks,0110002
Berlin,0,0,0.0,1,0,0,0,0,Banks,0110003
Bushville,0,0,0.0,1,0,0,0,0,Banks,0110004
Columbia,0,0,0.0,1,0,0,0,0,Banks,0110005
Davids,0,0,0.0,1,0,0,0,0,Banks,0110006
Golden Hill,0,0,0.0,1,0,0,0,0,Banks,0110007
Grove River,0,0,0.0,1,0,0,0,0,Banks,0110008
Hollingsworth,0,0,0.0,1,0,0,0,0,Banks,0110009
Homer,0,0,0.0,1,0,0,0,0,Banks,0110010
Poplar Springs,0,0,0.0,1,0,0,0,0,Banks,0110011
Washington,0,0,0.0,1,0,0,0,0,Banks,0110012
Wilmonts,0,0,0.0,1,0,0,0,0,Banks,0110013
01 Bethlehem Community Center,3414,0,0.0,1,0,0,0,0,Barrow,01301
02 Bethlehem Church - 211,6911,0,0.0,1,0,0,0,0,Barrow,01302
03 Hmong New Hope Alliance Church ,6475,0,0.0,1,0,0,0,0,Barrow,01303
04 Covenant Life Sanctuary ,4089,0,0.0,1,0,0,0,0,Barrow,01304
05 Fire Station 1 (Statham),8554,0,0.0,1,0,0,0,0,Barrow,01305
08 First Baptist Church Winder,7152,0,0.0,1,0,0,0,0,Barrow,01308
13 Winder Community Center,9639,0,0.0,1,0,0,0,0,Barrow,01313
16 The Church at Winder,10585,0,0.0,1,0,0,0,0,Barrow,01316
Adairsville,7148,0,0.0,1,0,0,0,0,Bartow,01501
Allatoona,4834,0,0.0,1,0,0,0,0,Bartow,01502
Cartersville East,6974,0,0.0,1,0,0,0,0,Bartow,01503
Cartersville West,8229,0,0.0,1,0,0,0,0,Bartow,01504
Cassville,4661,0,0.0,1,0,0,0,0,Bartow,01505
Center,4055,0,0.0,1,0,0,0,0,Bartow,01506
Emerson,3160,0,0.0,1,0,0,0,0,Bartow,01507
Euharlee,5482,0,0.0,1,0,0,0,0,Bartow,01508
Folsom,1476,0,0.0,1,0,0,0,0,Bartow,01509
Hamilton Crossing,6735,0,0.0,1,0,0,0,0,Bartow,01517
Kingston,2747,0,0.0,1,0,0,0,0,Bartow,01510
Mission Road,4090,0,0.0,1,0,0,0,0,Bartow,01511
Pine Log,2159,0,0.0,1,0,0,0,0,Bartow,01512
Taylorsville,2888,0,0.0,1,0,0,0,0,Bartow,01514
White,2759,0,0.0,1,0,0,0,0,Bartow,01515
Zena Drive,6571,0,0.0,1,0,0,0,0,Bartow,01516
Woodland,1914,0,0.0,1,0,0,0,0,Bartow,01518
East,4040,2151,53.24,4,1027,1112,1028,1118,Ben Hill,0171
West,6047,3581,59.22,4,2500,1070,2501,1075,Ben Hill,0172
West Berrien,1023,287,28.05,2,241,43,244,43,Berrien,01911062
Ray City,2014,602,29.89,2,487,115,482,120,Berrien,0191144
Nashville,6237,3537,56.71,4,2934,598,2939,591,Berrien,0191157
Enigma,1141,221,19.37,2,188,33,187,33,Berrien,0191642
Alapaha,1159,327,28.21,2,223,104,222,105,Berrien,019518
East Macon 1,2145,567,26.43,2,9,554,8,557,Bibb,021EM1
East Macon 2,4001,1411,35.27,2,63,1343,60,1349,Bibb,021EM2
East Macon 3,3707,1322,35.66,2,273,1047,271,1051,Bibb,021EM3
East Macon 4,2324,842,36.23,2,25,810,27,814,Bibb,021EM4
East Macon 5,2594,1068,41.17,2,185,882,186,880,Bibb,021EM5
Godfrey 1,6424,2005,31.21,2,119,1873,107,1893,Bibb,021GF1
Godfrey 2,2229,517,23.19,2,29,481,30,487,Bibb,021GF2
Godfrey 3,3360,1069,31.82,2,80,984,79,990,Bibb,021GF3
Godfrey 4,1482,531,35.83,2,51,477,50,480,Bibb,021GF4
Godfrey 5,4875,1486,30.48,2,138,1342,133,1352,Bibb,021GF5
Hazzard 1,3430,1123,32.74,2,114,1007,112,1010,Bibb,021HA1
Hazzard 2,4248,1407,33.12,2,450,952,450,954,Bibb,021HA2
Hazzard 3,6216,2835,45.61,2,596,2232,594,2235,Bibb,021HA3
Hazzard 4,2287,2159,94.4,2,1059,1100,1056,1102,Bibb,021HA4
Howard 1,2640,1711,64.81,2,1053,658,1047,660,Bibb,021HO1
Howard 2,3455,1555,45.01,2,947,608,946,608,Bibb,021HO2
Howard 3,6463,2701,41.79,2,1263,1436,1253,1441,Bibb,021HO3
Howard 4,1757,754,42.91,2,351,403,344,410,Bibb,021HO4
Howard 5,2323,737,31.73,2,236,499,234,502,Bibb,021HO5
Howard 6,2224,948,42.63,2,479,467,472,474,Bibb,021HO6
Howard 7,2927,1302,44.48,2,736,564,729,571,Bibb,021HO7
Rutland 1,5931,2322,39.15,2,1056,1262,1050,1269,Bibb,021RU1
Rutland 2,3576,1111,31.07,2,540,570,540,570,Bibb,021RU2
Vineville 1,3678,1352,36.76,2,331,1017,326,1025,Bibb,021VV1
Vineville 2,2122,724,34.12,2,129,593,129,593,Bibb,021VV2
Vineville 3,3196,1150,35.98,2,81,1065,78,1070,Bibb,021VV3
Vineville 4,4260,1394,32.72,2,125,1266,121,1272,Bibb,021VV4
Vineville 5,2387,1046,43.82,2,490,556,486,559,Bibb,021VV5
Vineville 6,3072,1266,41.21,2,497,765,488,776,Bibb,021VV6
Warrior 1,2662,875,32.87,2,399,476,394,480,Bibb,021WA1
Warrior 2,8082,1292,15.99,2,592,697,590,700,Bibb,021WA2
Fairground,7743,5113,66.03,4,3918,1188,3896,1212,Bleckley,0231
Hoboken,3039,0,0.0,1,0,0,0,0,Brantley,0251
Nahunta,4073,0,0.0,1,0,0,0,0,Brantley,0252
Waynesville,4169,0,0.0,1,0,0,0,0,Brantley,0253
Quitman,0,1457,0.0,4,687,767,690,765,Brooks,0271199
Barwick,0,59,0.0,2,36,23,36,23,Brooks,0271230
Dixie,0,274,0.0,2,137,134,141,132,Brooks,0271402
Briggs,0,539,0.0,2,435,103,434,103,Brooks,0271650
Nankin,0,391,0.0,4,349,41,348,43,Brooks,027659
Morven,0,469,0.0,2,360,109,358,109,Brooks,027660
Pavo,0,119,0.0,2,91,28,90,29,Brooks,0271712
Pembroke,2706,784,28.97,2,520,263,517,264,Bryan,0291
Danielsiding,2326,785,33.75,2,621,164,622,162,Bryan,02910
Ellabell,2390,679,28.41,2,564,114,562,116,Bryan,0292
Black Creek,3038,777,25.58,2,615,162,615,161,Bryan,0293
Ways Station,2011,548,27.25,2,331,216,334,214,Bryan,0294
RH Rec Complex,3336,942,28.24,2,529,413,529,413,Bryan,0295
JF Gregory Park,2941,1451,49.34,2,1157,294,1153,296,Bryan,0296
Keller,4371,1871,42.8,2,1361,510,1355,515,Bryan,0297
Hwy 144 East,5594,2203,39.38,2,1425,776,1429,772,Bryan,0298
Public Safety Complex,2631,699,26.57,2,405,294,407,291,Bryan,0299
Lockhart,738,0,0.0,1,0,0,0,0,Bulloch,0311
Emit,3435,0,0.0,1,0,0,0,0,Bulloch,03110
Statesboro,7165,0,0.0,1,0,0,0,0,Bulloch,03111
Portal,1775,0,0.0,1,0,0,0,0,Bulloch,03112
Fair,6438,0,0.0,1,0,0,0,0,Bulloch,03113
Church,5894,0,0.0,1,0,0,0,0,Bulloch,03114
Pittman Park,5389,0,0.0,1,0,0,0,0,Bulloch,03115
Leefield,1032,0,0.0,1,0,0,0,0,Bulloch,03116
Blitch,1903,0,0.0,1,0,0,0,0,Bulloch,0312
Hagin,2466,0,0.0,1,0,0,0,0,Bulloch,0313
Brooklet,3409,0,0.0,1,0,0,0,0,Bulloch,0314
Stilson,2196,0,0.0,1,0,0,0,0,Bulloch,0315
Bay,1650,0,0.0,1,0,0,0,0,Bulloch,0316
Nevils,1326,0,0.0,1,0,0,0,0,Bulloch,0317
Sinkhole,495,0,0.0,1,0,0,0,0,Bulloch,0318
Register,992,0,0.0,1,0,0,0,0,Bulloch,0319
Alexander,395,170,43.04,2,110,59,108,61,Burke,0330001
Four Points,2602,748,28.75,2,560,187,562,184,Burke,0330002
Girard,742,50,6.74,1,15,35,15,35,Burke,0330003
Gough,438,23,5.25,1,4,19,4,19,Burke,0330004
Greenscut,1056,284,26.89,2,175,106,175,109,Burke,0330005
Keysville,482,16,3.32,1,3,13,3,13,Burke,0330006
Midville,496,20,4.03,1,1,19,1,19,Burke,0330007
Munnerlyn,305,98,32.13,2,67,30,68,30,Burke,0330008
Sardis,1058,28,2.65,1,12,16,11,17,Burke,0330009
Scotts Crossroads,294,100,34.01,2,43,54,43,55,Burke,0330010
Telfair,1146,63,5.5,1,22,41,22,41,Burke,0330011
St Clair,451,29,6.43,1,9,20,9,20,Burke,0330012
Vidette,315,129,40.95,2,72,56,73,56,Burke,0330013
North Waynesboro,3001,152,5.06,1,12,140,12,140,Burke,0330014
South Waynesboro,3316,146,4.4,1,54,92,57,89,Burke,0330015
Blakeney,696,14,2.01,1,2,12,2,12,Burke,0330016
Butts County Admin Bldg,0,9750,0.0,4,6964,2772,6945,2791,Butts,035BCAB
Leary,0,0,0.0,1,0,0,0,0,Calhoun,0371
Morgan,0,0,0.0,1,0,0,0,0,Calhoun,0372
Edison,0,0,0.0,1,0,0,0,0,Calhoun,0373
Edison-Arlington,0,0,0.0,1,0,0,0,0,Calhoun,0374
Arlington,0,0,0.0,1,0,0,0,0,Calhoun,0375
Jack Strickland Comm Center,0,3919,0.0,4,2780,1133,2786,1130,Candler,043CAND
Kansas,0,0,0.0,1,0,0,0,0,Carroll,0451006
Bowdon,0,0,0.0,1,0,0,0,0,Carroll,0451111
Sandhill,0,0,0.0,1,0,0,0,0,Carroll,0451122
Center Point,0,0,0.0,1,0,0,0,0,Carroll,0451152
Mt Zion,0,0,0.0,1,0,0,0,0,Carroll,0451240
Burwell,0,0,0.0,1,0,0,0,0,Carroll,0451371
Clem,0,0,0.0,1,0,0,0,0,Carroll,0451483
Bowdon Junction,0,0,0.0,1,0,0,0,0,Carroll,0451496
Tyus,0,0,0.0,1,0,0,0,0,Carroll,0451533
Fairfield,0,0,0.0,1,0,0,0,0,Carroll,0451540
Hulett,0,0,0.0,1,0,0,0,0,Carroll,0451542
Bethany,0,0,0.0,1,0,0,0,0,Carroll,045501
V R County South,0,0,0.0,1,0,0,0,0,Carroll,045640
V R County North,0,0,0.0,1,0,0,0,0,Carroll,045641
Villa Rica City,0,0,0.0,1,0,0,0,0,Carroll,045642
Temple County,0,0,0.0,1,0,0,0,0,Carroll,045649
Temple City,0,0,0.0,1,0,0,0,0,Carroll,045650
Whitesburg,0,0,0.0,1,0,0,0,0,Carroll,045682
Roopville,0,0,0.0,1,0,0,0,0,Carroll,045713
West Carrollton,0,0,0.0,1,0,0,0,0,Carroll,045714A1
Lakeshore Rec Center,0,0,0.0,1,0,0,0,0,Carroll,045714A2
Bonner,0,0,0.0,1,0,0,0,0,Carroll,045714A3
University of W GA,0,0,0.0,1,0,0,0,0,Carroll,045714A4
County Admin Bldg,0,0,0.0,1,0,0,0,0,Carroll,045714A5
Tabernacle Church,0,0,0.0,1,0,0,0,0,Carroll,045714A6
Burson Center,0,0,0.0,1,0,0,0,0,Carroll,045714BN
Old Camp Church,0,0,0.0,1,0,0,0,0,Carroll,045714BW
Oak Grove,0,0,0.0,1,0,0,0,0,Carroll,045715
Blackstock,2025,592,29.23,2,460,131,463,128,Catoosa,047BLCK
Boynton,6157,2643,42.93,2,1975,665,1974,664,Catoosa,047BOYN
Catoosa Keith,2679,967,36.1,2,740,224,742,223,Catoosa,047CAKT
Chambers,2588,1157,44.71,2,921,233,920,235,Catoosa,047CHAM
Ft Oglethorpe,4160,1556,37.4,2,1095,460,1095,458,Catoosa,047FT O
Graysville,4606,1657,35.97,2,1244,408,1248,405,Catoosa,047GRAY
Lakeview,3650,1174,32.16,2,866,305,871,300,Catoosa,047LAKE
Poplar Springs,4273,1732,40.53,2,1356,373,1355,375,Catoosa,047POPS
Ringgold,7583,3328,43.89,2,2396,925,2395,928,Catoosa,047RING
Westside,6050,2446,40.43,2,1808,625,1811,626,Catoosa,047WEST
Woodstation,2996,1101,36.75,2,839,259,839,260,Catoosa,047WOOD
Folkston,0,959,0.0,2,403,555,401,554,Charlton,0492
GA Bend,0,73,0.0,2,59,13,60,11,Charlton,0493B
St George,0,148,0.0,2,137,11,139,9,Charlton,0493S
American Legion,0,344,0.0,2,302,42,304,40,Charlton,0494A
Homeland,0,318,0.0,2,280,37,280,36,Charlton,0494H
Folkston Fire,0,311,0.0,2,264,47,265,45,Charlton,0495F
Racepond,0,101,0.0,2,88,13,88,13,Charlton,0495R
Winokur,0,74,0.0,2,66,8,66,8,Charlton,0495W
01 Big Creek,0,0,0.0,1,0,0,0,0,Forsyth,11701
02 Brandywine,0,0,0.0,1,0,0,0,0,Forsyth,11702
03 Browns Bridge,0,0,0.0,1,0,0,0,0,Forsyth,11703
04 Chestatee,0,0,0.0,1,0,0,0,0,Forsyth,11704
05 Coal Mountain,0,0,0.0,1,0,0,0,0,Forsyth,11705
06 Crossroads,0,0,0.0,1,0,0,0,0,Forsyth,11706
07 Cumming,0,0,0.0,1,0,0,0,0,Forsyth,11707
08 Mashburn,0,0,0.0,1,0,0,0,0,Forsyth,11708
10 Midway,0,0,0.0,1,0,0,0,0,Forsyth,11710
15 Heardsville,0,0,0.0,1,0,0,0,0,Forsyth,11715
16 Otwell,0,0,0.0,1,0,0,0,0,Forsyth,11716
19 Old Atlanta,0,0,0.0,1,0,0,0,0,Forsyth,11719
21 South Forsyth,0,0,0.0,1,0,0,0,0,Forsyth,11721
25 Windermere,0,0,0.0,1,0,0,0,0,Forsyth,11725
27 Concord,0,0,0.0,1,0,0,0,0,Forsyth,11727
29 Polo,0,0,0.0,1,0,0,0,0,Forsyth,11729
34 Fowler,0,0,0.0,1,0,0,0,0,Forsyth,11734
35 Johns Creek,0,0,0.0,1,0,0,0,0,Forsyth,11735
36 Nichols,0,0,0.0,1,0,0,0,0,Forsyth,11736
37 Sawnee,0,0,0.0,1,0,0,0,0,Forsyth,11737
Carnesville,0,1514,0.0,4,1352,160,1352,161,Franklin,1191
West Franklin,0,1016,0.0,4,910,104,909,103,Franklin,1192
Northeast Franklin,0,1784,0.0,4,1497,283,1498,282,Franklin,1193
Lavonia,0,1348,0.0,4,1042,304,1044,298,Franklin,1194
Canon,0,793,0.0,4,695,97,695,94,Franklin,1195
Royston,0,1209,0.0,4,959,248,953,253,Franklin,1196
Southwest Franklin,0,1537,0.0,4,1391,143,1386,148,Franklin,1197
01A,3764,578,15.36,1,34,542,31,546,Fulton,12101A
01B,4391,640,14.58,1,46,593,36,603,Fulton,12101B
01C,1943,131,6.74,1,6,125,5,125,Fulton,12101C
01D,783,78,9.96,1,4,74,3,74,Fulton,12101D
01E,3771,615,16.31,1,54,559,51,564,Fulton,12101E
01F,1606,69,4.3,1,1,68,2,67,Fulton,12101F
01G,2360,217,9.19,1,6,211,6,211,Fulton,12101G
01H,911,95,10.43,1,1,94,0,94,Fulton,12101H
01I,2898,0,0.0,1,0,0,0,0,Fulton,12101I
01J,1470,238,16.19,1,6,232,6,232,Fulton,12101J
01P,1579,119,7.54,1,0,117,0,117,Fulton,12101P
01R,2144,83,3.87,1,1,81,1,81,Fulton,12101R
01S,1824,163,8.94,1,4,159,3,160,Fulton,12101S
01T,5025,122,2.43,1,12,109,8,113,Fulton,12101T
02A,736,847,115.08,1,113,733,114,731,Fulton,12102A
02A1,4051,74,1.83,1,12,61,11,63,Fulton,12102A1
02B,2085,224,10.74,1,20,203,18,206,Fulton,12102B
02C,5690,261,4.59,1,12,248,11,250,Fulton,12102C
02D,2024,816,40.32,1,75,740,73,742,Fulton,12102D
02E,3258,325,9.98,1,31,292,25,299,Fulton,12102E
02F1,866,525,60.62,1,52,472,48,477,Fulton,12102F1
02F2,3960,92,2.32,1,5,87,7,85,Fulton,12102F2
02G,2341,598,25.54,1,55,541,45,551,Fulton,12102G
02J,1477,351,23.76,1,39,312,34,316,Fulton,12102J
02K,5672,232,4.09,1,19,212,17,215,Fulton,12102K
02L1,1509,884,58.58,1,106,778,101,782,Fulton,12102L1
02L1A,2379,219,9.21,1,24,195,22,197,Fulton,12102L1A
02L2,795,297,37.36,1,24,272,20,277,Fulton,12102L2
02S,1016,91,8.96,1,9,82,7,84,Fulton,12102S
02W,2252,76,3.37,1,13,63,12,64,Fulton,12102W
03A,792,170,21.46,1,0,169,0,170,Fulton,12103A
03B,1910,41,2.15,1,1,40,1,40,Fulton,12103B
03C,1252,172,13.74,1,1,171,2,170,Fulton,12103C
03D,2929,89,3.04,1,5,83,4,85,Fulton,12103D
03E,2361,132,5.59,1,1,131,2,130,Fulton,12103E
03F,1041,282,27.09,1,22,260,22,260,Fulton,12103F
03G,1112,33,2.97,1,1,32,0,33,Fulton,12103G
03H,1755,76,4.33,1,1,75,1,75,Fulton,12103H
03I,759,100,13.18,1,9,91,8,92,Fulton,12103I
03L,1173,30,2.56,1,0,29,0,30,Fulton,12103L
03M,2865,141,4.92,1,9,131,7,134,Fulton,12103M
03N,4529,92,2.03,1,5,87,4,88,Fulton,12103N
03P1A,27,410,1518.52,1,41,369,38,372,Fulton,12103P1A
03P2,927,0,0.0,1,0,0,0,0,Fulton,12103P2
03S,1783,75,4.21,1,3,72,3,72,Fulton,12103S
03T,1574,99,6.29,1,3,95,2,97,Fulton,12103T
04A,2984,115,3.85,1,2,113,4,111,Fulton,12104A
04B,156,125,80.13,1,2,123,2,123,Fulton,12104B
04C,1749,9,0.51,1,0,9,0,9,Fulton,12104C
04D,2867,146,5.09,1,4,141,4,142,Fulton,12104D
04F,1045,143,13.68,1,13,130,12,131,Fulton,12104F
04G,4657,48,1.03,1,2,46,2,46,Fulton,12104G
04I,1622,179,11.04,1,8,171,8,170,Fulton,12104I
04J,2809,15,0.53,1,0,15,0,15,Fulton,12104J
04K,2039,239,11.72,1,5,234,8,231,Fulton,12104K
04L,1005,137,13.63,1,4,133,3,134,Fulton,12104L
04M,2570,43,1.67,1,1,42,1,42,Fulton,12104M
04S,1311,217,16.55,1,1,215,1,216,Fulton,12104S
04T,3628,111,3.06,1,1,110,2,109,Fulton,12104T
04V,3327,163,4.9,1,2,160,2,161,Fulton,12104V
04W,2306,6,0.26,1,0,6,0,6,Fulton,12104W
04X1,858,202,23.54,1,5,194,4,198,Fulton,12104X1
04X2,2984,69,2.31,1,1,67,0,69,Fulton,12104X2
05A1,3407,415,12.18,1,16,399,17,398,Fulton,12105A1
05A2,2186,435,19.9,1,28,406,22,413,Fulton,12105A2
05B,137,181,132.12,1,5,173,4,177,Fulton,12105B
05C,563,2,0.36,1,0,2,0,2,Fulton,12105C
05D,257,4,1.56,1,1,3,1,3,Fulton,12105D
05F,681,14,2.06,1,0,14,0,14,Fulton,12105F
05J,2889,78,2.7,1,4,74,5,73,Fulton,12105J
05K,1902,184,9.67,1,15,169,15,169,Fulton,12105K
06B,6223,294,4.72,1,38,256,33,259,Fulton,12106B
06D,2549,982,38.52,1,151,830,143,835,Fulton,12106D
06D1,846,605,71.51,1,86,519,69,534,Fulton,12106D1
06D2,2390,177,7.41,1,43,132,42,135,Fulton,12106D2
06E,2907,340,11.7,1,44,294,41,297,Fulton,12106E
06F,591,434,73.43,1,48,386,44,390,Fulton,12106F
06G,4148,111,2.68,1,13,98,13,98,Fulton,12106G
06I,2824,386,13.67,1,19,367,21,365,Fulton,12106I
06J,1011,637,63.01,1,79,558,71,563,Fulton,12106J
06L1,733,172,23.47,1,33,138,29,143,Fulton,12106L1
06L2,1807,119,6.59,1,35,84,30,89,Fulton,12106L2
06N,564,234,41.49,1,52,182,48,186,Fulton,12106N
06Q,2052,49,2.39,1,4,45,4,45,Fulton,12106Q
06R,7836,350,4.47,1,65,285,63,286,Fulton,12106R
07A,2995,1053,35.16,1,293,759,277,772,Fulton,12107A
07B,4596,447,9.73,1,174,272,161,286,Fulton,12107B
07C,4978,991,19.91,1,379,610,371,615,Fulton,12107C
07D,2275,483,21.23,1,139,344,134,349,Fulton,12107D
07E,3833,484,12.63,1,96,386,92,391,Fulton,12107E
07F,2071,549,26.51,1,153,395,149,398,Fulton,12107F
07H,3080,390,12.66,1,109,280,104,285,Fulton,12107H
07J,2423,430,17.75,1,118,312,109,319,Fulton,12107J
07M,2183,275,12.6,1,54,221,55,219,Fulton,12107M
07N,3136,275,8.77,1,28,246,27,248,Fulton,12107N
08A,3531,412,11.67,1,159,253,155,256,Fulton,12108A
08B,1533,412,26.88,1,169,243,156,256,Fulton,12108B
08C,1081,206,19.06,1,107,99,106,99,Fulton,12108C
08D,2593,155,5.98,1,70,84,67,87,Fulton,12108D
08E,2205,402,18.23,1,152,250,142,258,Fulton,12108E
08F1,3125,293,9.38,1,137,156,131,161,Fulton,12108F1
08G,2595,544,20.96,1,149,391,146,393,Fulton,12108G
08H,3374,507,15.03,1,197,309,192,314,Fulton,12108H
08J,1055,390,36.97,1,114,276,105,282,Fulton,12108J
08K,4552,158,3.47,1,35,122,30,128,Fulton,12108K
08L,2371,718,30.28,1,121,595,115,603,Fulton,12108L
08M,832,325,39.06,1,155,170,147,178,Fulton,12108M
08N1,1614,118,7.31,1,48,70,45,73,Fulton,12108N1
08N2,1920,298,15.52,1,114,184,110,187,Fulton,12108N2
08P,3881,191,4.92,1,27,164,26,165,Fulton,12108P
09A,463,396,85.53,1,58,338,51,345,Fulton,12109A
09B,3373,45,1.33,1,0,45,0,45,Fulton,12109B
09C,2329,359,15.41,1,10,348,9,349,Fulton,12109C
09D,3296,196,5.95,1,4,192,1,195,Fulton,12109D
09E,3965,213,5.37,1,12,199,12,201,Fulton,12109E
09F,15,529,3526.67,1,135,394,127,401,Fulton,12109F
09G,5182,484,9.34,1,86,398,76,408,Fulton,12109G
09H,1422,99,6.96,1,11,88,11,88,Fulton,12109H
09I,4095,116,2.83,1,2,114,1,114,Fulton,12109I
09K,1561,254,16.27,1,6,246,5,246,Fulton,12109K
09K1,2610,78,2.99,1,1,77,1,77,Fulton,12109K1
09M,3230,256,7.93,1,30,225,26,229,Fulton,12109M
10A,4003,364,9.09,1,5,359,4,360,Fulton,12110A
10B,2624,593,22.6,1,10,583,10,583,Fulton,12110B
10C,5041,196,3.89,1,3,193,2,194,Fulton,12110C
10D,1079,402,37.26,1,3,395,5,396,Fulton,12110D
10E,1219,136,11.16,1,1,133,1,135,Fulton,12110E
10F,1339,146,10.9,1,0,146,0,146,Fulton,12110F
10G,445,172,38.65,1,4,167,3,169,Fulton,12110G
10H1,2651,47,1.77,1,0,47,0,47,Fulton,12110H1
10H2,333,254,76.28,1,7,245,7,247,Fulton,12110H2
10I,1251,64,5.12,1,0,64,1,63,Fulton,12110I
10J,1629,84,5.16,1,3,81,4,80,Fulton,12110J
10K,2930,220,7.51,1,1,219,0,220,Fulton,12110K
10M,1629,291,17.86,1,10,281,11,280,Fulton,12110M
10P,929,170,18.3,1,4,165,3,167,Fulton,12110P
10R,4437,48,1.08,1,1,47,1,47,Fulton,12110R
11B,892,494,55.38,1,5,489,5,489,Fulton,12111B
11B1,3170,76,2.4,1,1,75,1,75,Fulton,12111B1
11C,1360,357,26.25,1,2,355,2,355,Fulton,12111C
11E1,1032,72,6.98,1,1,69,1,71,Fulton,12111E1
11E2,3641,73,2.0,1,0,72,0,72,Fulton,12111E2
11E3,2596,95,3.66,1,1,94,1,94,Fulton,12111E3
11G,764,231,30.24,1,4,227,2,229,Fulton,12111G
11H,2103,94,4.47,1,2,92,2,92,Fulton,12111H
11J,2066,255,12.34,1,4,248,4,249,Fulton,12111J
11K,1400,277,19.79,1,3,273,3,274,Fulton,12111K
11M,2230,133,5.96,1,4,129,4,129,Fulton,12111M
11M1,2448,110,4.49,1,0,110,0,110,Fulton,12111M1
11N,2098,302,14.39,1,7,294,7,295,Fulton,12111N
11P,2284,306,13.4,1,3,300,4,302,Fulton,12111P
11R,5047,135,2.67,1,3,130,2,132,Fulton,12111R
12A,690,494,71.59,1,22,471,21,471,Fulton,12112A
12A1,1437,53,3.69,1,2,50,2,51,Fulton,12112A1
12D,1933,80,4.14,1,0,79,0,80,Fulton,12112D
12E1,1244,121,9.73,1,5,115,5,116,Fulton,12112E1
12F,900,74,8.22,1,0,74,0,74,Fulton,12112F
12G,1174,153,13.03,1,5,148,5,148,Fulton,12112G
12H1,3043,55,1.81,1,2,53,2,53,Fulton,12112H1
12H2,1092,289,26.47,1,7,281,8,281,Fulton,12112H2
12I,3213,107,3.33,1,1,103,1,105,Fulton,12112I
12J,3655,239,6.54,1,7,232,6,233,Fulton,12112J
12K,781,265,33.93,1,11,252,9,255,Fulton,12112K
12L,3055,48,1.57,1,1,47,2,46,Fulton,12112L
12M,1140,217,19.04,1,2,213,1,216,Fulton,12112M
12N,2102,66,3.14,1,2,64,2,64,Fulton,12112N
12S,275,180,65.45,1,2,178,2,178,Fulton,12112S
AP01A,2062,757,36.71,1,237,519,226,530,Fulton,121AP01A
AP01B,5299,178,3.36,1,59,119,59,119,Fulton,121AP01B
AP01C,1319,296,22.44,1,84,212,81,215,Fulton,121AP01C
AP01D,2421,141,5.82,1,43,98,42,99,Fulton,121AP01D
AP021,1047,375,35.82,1,137,238,132,242,Fulton,121AP021
AP022,3484,443,12.72,1,121,318,122,321,Fulton,121AP022
AP02B,2557,152,5.94,1,57,95,53,99,Fulton,121AP02B
AP03,688,49,7.12,1,8,41,7,42,Fulton,121AP03
AP04A,777,313,40.28,1,147,165,140,173,Fulton,121AP04A
AP04B,1776,68,3.83,1,20,48,20,48,Fulton,121AP04B
AP05,482,726,150.62,1,282,442,270,456,Fulton,121AP05
AP06,4835,252,5.21,1,71,181,62,189,Fulton,121AP06
AP07A,1987,560,28.18,1,189,370,183,376,Fulton,121AP07A
AP07B,3956,254,6.42,1,110,144,107,147,Fulton,121AP07B
AP09A,1906,641,33.63,1,195,446,185,454,Fulton,121AP09A
AP09B,4496,155,3.45,1,25,129,25,130,Fulton,121AP09B
AP10,936,134,14.32,1,58,76,55,78,Fulton,121AP10
AP12A,1002,69,6.89,1,15,54,16,53,Fulton,121AP12A
AP12B,763,127,16.64,1,46,81,46,80,Fulton,121AP12B
AP12C,973,273,28.06,1,107,166,104,169,Fulton,121AP12C
AP14,2434,497,20.42,1,148,349,142,355,Fulton,121AP14
CH01,3266,22,0.67,1,6,16,6,16,Fulton,121CH01
CH02,702,27,3.85,1,14,13,14,13,Fulton,121CH02
CH03,17,28,164.71,1,11,17,12,16,Fulton,121CH03
CH04A,410,85,20.73,1,27,58,27,58,Fulton,121CH04A
CH05,834,41,4.92,1,26,15,24,17,Fulton,121CH05
CP011,433,124,28.64,1,16,108,17,107,Fulton,121CP011
CP012,1369,165,12.05,1,16,149,15,150,Fulton,121CP012
CP01B,1485,42,2.83,1,4,38,4,38,Fulton,121CP01B
CP02,433,114,26.33,1,9,105,11,103,Fulton,121CP02
CP04A,1233,0,0.0,1,0,0,0,0,Fulton,121CP04A
CP04B,14,5,35.71,1,1,4,1,4,Fulton,121CP04B
CP051,38,160,421.05,1,2,157,2,157,Fulton,121CP051
CP05B,1765,5,0.28,1,0,5,0,5,Fulton,121CP05B
CP06A,159,13,8.18,1,0,13,0,13,Fulton,121CP06A
CP07B,735,0,0.0,1,0,0,0,0,Fulton,121CP07B
CP07C,7,7,100.0,1,0,7,0,7,Fulton,121CP07C
CP07D,328,16,4.88,1,0,16,0,16,Fulton,121CP07D
CP07E,804,1,0.12,1,0,1,0,1,Fulton,121CP07E
CP07F,137,4,2.92,1,0,4,0,4,Fulton,121CP07F
CP081,270,10,3.7,1,0,10,0,10,Fulton,121CP081
CP083,376,0,0.0,1,0,0,0,0,Fulton,121CP083
CP084,243,0,0.0,1,0,0,0,0,Fulton,121CP084
CP08A,1,16,1600.0,1,0,16,0,16,Fulton,121CP08A
EP01A,786,260,33.08,1,21,239,20,240,Fulton,121EP01A
EP01B,3025,330,10.91,1,15,313,16,314,Fulton,121EP01B
EP02A,3492,227,6.5,1,8,218,7,219,Fulton,121EP02A
EP02B,2474,235,9.5,1,23,212,25,209,Fulton,121EP02B
EP02C,1712,42,2.45,1,6,36,6,36,Fulton,121EP02C
EP02D,535,42,7.85,1,1,41,0,42,Fulton,121EP02D
EP02E,459,127,27.67,1,8,119,7,120,Fulton,121EP02E
EP03A,1697,633,37.3,1,30,601,30,602,Fulton,121EP03A
EP03B,4960,279,5.63,1,8,271,8,271,Fulton,121EP03B
EP04A,1551,287,18.5,1,8,278,6,281,Fulton,121EP04A
EP04B,5132,181,3.53,1,3,178,4,177,Fulton,121EP04B
EP04C,2655,175,6.59,1,3,171,2,172,Fulton,121EP04C
FA01A,1333,420,31.51,1,51,369,49,371,Fulton,121FA01A
FA01B,4100,577,14.07,1,54,523,50,526,Fulton,121FA01B
FA01C,5995,64,1.07,1,1,62,1,63,Fulton,121FA01C
FA01D,792,30,3.79,1,1,29,1,29,Fulton,121FA01D
FC01,326,14,4.29,1,0,14,0,14,Fulton,121FC01
FC02,336,4,1.19,1,1,3,1,3,Fulton,121FC02
FC03,593,0,0.0,1,0,0,0,0,Fulton,121FC03
HP01,17,315,1852.94,1,60,253,55,256,Fulton,121HP01
JC01,3887,605,15.56,1,102,502,101,503,Fulton,121JC01
JC01A,4174,221,5.29,1,41,179,39,182,Fulton,121JC01A
JC02,1751,493,28.16,1,153,340,149,342,Fulton,121JC02
JC03A,3060,54,1.76,1,17,37,14,40,Fulton,121JC03A
JC03B,598,196,32.78,1,42,154,42,154,Fulton,121JC03B
JC04A,1639,484,29.53,1,107,375,100,383,Fulton,121JC04A
JC04B,3196,35,1.1,1,12,23,12,22,Fulton,121JC04B
JC04C,340,176,51.76,1,45,131,42,134,Fulton,121JC04C
JC05,1261,231,18.32,1,51,180,50,181,Fulton,121JC05
JC06,2351,374,15.91,1,134,240,130,244,Fulton,121JC06
JC07,2880,690,23.96,1,158,532,155,531,Fulton,121JC07
JC08,4742,364,7.68,1,94,269,88,276,Fulton,121JC08
JC09,2967,436,14.69,1,101,335,100,336,Fulton,121JC09
JC10,3288,378,11.5,1,75,300,76,300,Fulton,121JC10
JC11,2674,452,16.9,1,161,290,156,295,Fulton,121JC11
JC12,3520,457,12.98,1,204,253,196,261,Fulton,121JC12
JC13A,2870,288,10.03,1,126,161,124,163,Fulton,121JC13A
JC13B,2341,32,1.37,1,21,11,19,13,Fulton,121JC13B
JC14,289,298,103.11,1,101,197,97,200,Fulton,121JC14
JC15,2636,89,3.38,1,20,69,19,69,Fulton,121JC15
JC16,979,368,37.59,1,98,270,97,271,Fulton,121JC16
JC18,2729,392,14.36,1,136,255,136,256,Fulton,121JC18
JC19,2864,634,22.14,1,168,466,169,464,Fulton,121JC19
ML01A,4223,284,6.73,1,108,176,102,182,Fulton,121ML01A
ML01B,2830,95,3.36,1,37,58,38,57,Fulton,121ML01B
ML02A,725,299,41.24,1,130,169,129,169,Fulton,121ML02A
ML02B,2623,213,8.12,1,102,111,93,118,Fulton,121ML02B
ML03,1950,507,26.0,1,236,271,225,282,Fulton,121ML03
ML03A,3775,17,0.45,1,11,6,11,6,Fulton,121ML03A
ML04,309,411,133.01,1,192,219,191,220,Fulton,121ML04
ML05,3361,705,20.98,1,256,449,248,456,Fulton,121ML05
ML06A,4918,212,4.31,1,41,170,40,172,Fulton,121ML06A
ML06B,2236,410,18.34,1,80,330,78,331,Fulton,121ML06B
ML07A,3152,99,3.14,1,47,52,47,52,Fulton,121ML07A
ML07B,854,192,22.48,1,84,106,82,110,Fulton,121ML07B
MP01,1706,19,1.11,1,3,16,3,16,Fulton,121MP01
PA01,473,298,63.0,1,72,226,73,224,Fulton,121PA01
RW01,3072,1006,32.75,1,419,586,413,592,Fulton,121RW01
RW02,5097,717,14.07,1,227,490,218,498,Fulton,121RW02
RW03,4090,632,15.45,1,159,472,159,471,Fulton,121RW03
RW04,5128,346,6.75,1,104,242,104,242,Fulton,121RW04
RW05,1872,343,18.32,1,94,249,91,252,Fulton,121RW05
RW06,2978,388,13.03,1,97,291,92,295,Fulton,121RW06
RW07A,3124,113,3.62,1,9,104,9,104,Fulton,121RW07A
RW07B,1801,49,2.72,1,10,39,10,39,Fulton,121RW07B
RW08,452,473,104.65,1,224,249,218,254,Fulton,121RW08
RW09,2456,769,31.31,1,324,443,307,461,Fulton,121RW09
RW09A,4495,223,4.96,1,91,130,80,141,Fulton,121RW09A
RW10,1923,625,32.5,1,252,372,245,380,Fulton,121RW10
RW11A,3695,418,11.31,1,117,299,116,302,Fulton,121RW11A
RW12,2903,625,21.53,1,216,408,220,404,Fulton,121RW12
RW12A,3934,361,9.18,1,111,250,100,261,Fulton,121RW12A
RW13,2512,493,19.63,1,168,324,165,328,Fulton,121RW13
RW16,3802,305,8.02,1,109,195,103,201,Fulton,121RW16
RW17,2143,376,17.55,1,86,290,87,289,Fulton,121RW17
RW19,3141,303,9.65,1,110,193,106,197,Fulton,121RW19
RW20,2172,392,18.05,1,126,265,122,270,Fulton,121RW20
RW21,2730,431,15.79,1,187,243,182,249,Fulton,121RW21
RW22A,3410,467,13.7,1,131,336,128,339,Fulton,121RW22A
SC01A,4864,0,0.0,1,0,0,0,0,Fulton,121SC01A
SC01B,43,223,518.6,1,8,214,7,215,Fulton,121SC01B
SC01C,2131,361,16.94,1,13,347,12,348,Fulton,121SC01C
SC02,2275,202,8.88,1,3,199,3,198,Fulton,121SC02
SC04,1429,108,7.56,1,19,89,18,90,Fulton,121SC04
SC05A,1088,64,5.88,1,3,61,2,62,Fulton,121SC05A
SC05B,733,360,49.11,1,12,348,9,351,Fulton,121SC05B
SC05D,3682,269,7.31,1,8,261,7,262,Fulton,121SC05D
SC05E,2891,106,3.67,1,19,87,19,87,Fulton,121SC05E
SC07A,689,586,85.05,1,60,525,59,527,Fulton,121SC07A
SC07C,4582,0,0.0,1,0,0,0,0,Fulton,121SC07C
SC07D,41,190,463.41,1,3,187,3,187,Fulton,121SC07D
SC08B,2076,440,21.19,1,19,420,16,424,Fulton,121SC08B
SC08C,4155,12,0.29,1,0,12,0,12,Fulton,121SC08C
SC08D,96,62,64.58,1,1,61,1,61,Fulton,121SC08D
SC08E,612,42,6.86,1,1,41,1,41,Fulton,121SC08E
SC08F,742,70,9.43,1,0,70,0,70,Fulton,121SC08F
SC08G,808,0,0.0,1,0,0,0,0,Fulton,121SC08G
SC08H,15,0,0.0,1,0,0,0,0,Fulton,121SC08H
SC09A,1,150,15000.0,1,5,144,4,146,Fulton,121SC09A
SC09B,1896,262,13.82,1,2,260,3,259,Fulton,121SC09B
SC09C,1941,241,12.42,1,3,236,4,237,Fulton,121SC09C
SC10,1881,110,5.85,1,2,108,3,107,Fulton,121SC10
SC11A,1933,183,9.47,1,6,177,5,177,Fulton,121SC11A
SC11B,1697,247,14.56,1,3,244,3,244,Fulton,121SC11B
SC13,1718,308,17.93,1,8,300,6,302,Fulton,121SC13
SC14A,2949,66,2.24,1,0,66,0,66,Fulton,121SC14A
SC15,1040,405,38.94,1,22,383,23,382,Fulton,121SC15
SC15A,4584,198,4.32,1,6,192,6,192,Fulton,121SC15A
SC16A,2504,578,23.08,1,5,573,7,571,Fulton,121SC16A
SC17A,5228,10,0.19,1,1,9,1,9,Fulton,121SC17A
SC17B,60,0,0.0,1,0,0,0,0,Fulton,121SC17B
SC17C,10,135,1350.0,1,2,133,3,132,Fulton,121SC17C
SC18A,1328,90,6.78,1,0,90,0,89,Fulton,121SC18A
SC18B,561,111,19.79,1,2,109,3,108,Fulton,121SC18B
SC18C,942,322,34.18,1,11,311,12,309,Fulton,121SC18C
SC19A,2116,30,1.42,1,3,27,3,27,Fulton,121SC19A
SC19B,213,154,72.3,1,4,150,4,150,Fulton,121SC19B
SC20,1676,266,15.87,1,3,263,3,263,Fulton,121SC20
SC211,2584,215,8.32,1,4,211,3,212,Fulton,121SC211
SC212,1862,421,22.61,1,22,397,20,401,Fulton,121SC212
SC23A,4316,469,10.87,1,5,463,3,466,Fulton,121SC23A
SC23B,3940,82,2.08,1,2,80,2,80,Fulton,121SC23B
SC23C,562,249,44.31,1,7,241,7,241,Fulton,121SC23C
SC27,2634,358,13.59,1,8,350,7,351,Fulton,121SC27
SC29A,2391,368,15.39,1,7,361,7,361,Fulton,121SC29A
SC30A,3176,40,1.26,1,0,40,0,40,Fulton,121SC30A
SC30B,160,103,64.38,1,1,102,1,102,Fulton,121SC30B
SS01,1121,874,77.97,1,371,502,362,511,Fulton,121SS01
SS02A,4908,225,4.58,1,69,156,70,155,Fulton,121SS02A
SS02B,1217,168,13.8,1,24,143,23,142,Fulton,121SS02B
SS03,1339,244,18.22,1,59,184,60,184,Fulton,121SS03
SS04,1590,519,32.64,1,128,388,122,394,Fulton,121SS04
SS05,3834,313,8.16,1,97,215,99,211,Fulton,121SS05
SS06,1870,257,13.74,1,92,164,92,165,Fulton,121SS06
SS07A,1691,255,15.08,1,118,136,113,141,Fulton,121SS07A
SS07B,1268,115,9.07,1,35,80,32,83,Fulton,121SS07B
SS07C,815,178,21.84,1,70,108,68,110,Fulton,121SS07C
SS08A,816,195,23.9,1,42,152,38,157,Fulton,121SS08A
SS08B,1940,138,7.11,1,44,94,41,97,Fulton,121SS08B
SS08C,713,111,15.57,1,22,89,21,89,Fulton,121SS08C
SS08D,728,234,32.14,1,49,185,51,183,Fulton,121SS08D
SS09A,1609,655,40.71,1,263,392,257,395,Fulton,121SS09A
SS09B,3207,599,18.68,1,236,362,218,378,Fulton,121SS09B
SS11A,3650,485,13.29,1,159,326,156,328,Fulton,121SS11A
SS11B,4062,152,3.74,1,19,133,19,133,Fulton,121SS11B
SS11C,1425,22,1.54,1,4,18,4,18,Fulton,121SS11C
SS11D,367,70,19.07,1,23,47,21,49,Fulton,121SS11D
SS12,400,504,126.0,1,193,308,192,311,Fulton,121SS12
SS13A,2937,237,8.07,1,69,168,68,169,Fulton,121SS13A
SS13B,2139,138,6.45,1,44,94,43,94,Fulton,121SS13B
SS14,1333,206,15.45,1,90,116,89,116,Fulton,121SS14
SS15A,1435,202,14.08,1,15,186,14,188,Fulton,121SS15A
SS15B,2834,178,6.28,1,37,141,38,139,Fulton,121SS15B
SS16,1744,401,22.99,1,148,252,145,256,Fulton,121SS16
SS17,2133,550,25.79,1,217,332,214,336,Fulton,121SS17
SS18A,3711,112,3.02,1,32,80,31,81,Fulton,121SS18A
SS18B,656,46,7.01,1,14,32,14,32,Fulton,121SS18B
SS19A,243,296,121.81,1,60,236,56,239,Fulton,121SS19A
SS19B,3344,257,7.69,1,61,196,57,200,Fulton,121SS19B
SS20,2365,249,10.53,1,53,193,54,194,Fulton,121SS20
SS22,2433,432,17.76,1,163,268,165,266,Fulton,121SS22
SS26,2848,302,10.6,1,34,268,34,268,Fulton,121SS26
SS29A,3896,405,10.4,1,107,298,107,298,Fulton,121SS29A
SS31,2868,300,10.46,1,108,191,104,194,Fulton,121SS31
UC01A,1760,238,13.52,1,6,230,6,231,Fulton,121UC01A
UC01B,4287,17,0.4,1,0,17,0,17,Fulton,121UC01B
UC01D,424,0,0.0,1,0,0,0,0,Fulton,121UC01D
UC01E,6,36,600.0,1,0,36,0,36,Fulton,121UC01E
UC02A,521,606,116.31,1,11,594,8,597,Fulton,121UC02A
UC02B,5722,3,0.05,1,0,3,0,3,Fulton,121UC02B
UC02C,3712,229,6.17,1,6,223,7,222,Fulton,121UC02C
UC031,2811,381,13.55,1,103,276,102,279,Fulton,121UC031
UC032,409,61,14.91,1,16,45,15,46,Fulton,121UC032
HARBINS A,7307,1046,14.32,1,318,726,313,731,Gwinnett,135001
ROCKBRIDGE A,4056,690,17.01,1,115,575,112,577,Gwinnett,135002
DACULA,4860,696,14.32,1,146,549,142,552,Gwinnett,135003
SUWANEE A,1802,264,14.65,1,95,169,90,174,Gwinnett,135004
BAYCREEK A,2751,486,17.67,1,192,294,190,296,Gwinnett,135005
GOODWINS A,3982,630,15.82,1,163,464,161,466,Gwinnett,135006
DULUTH A,5114,1153,22.55,1,287,859,271,878,Gwinnett,135007
DUNCANS A,4820,802,16.64,1,326,472,324,477,Gwinnett,135008
PUCKETTS A,5773,836,14.48,1,439,396,438,395,Gwinnett,135009
CATES A,2430,524,21.56,1,250,274,244,280,Gwinnett,135010
BERKSHIRE A,2607,332,12.73,1,66,264,64,265,Gwinnett,135011
BERKSHIRE B,5445,826,15.17,1,184,638,182,640,Gwinnett,135012
DUNCANS C,3052,422,13.83,1,183,239,176,245,Gwinnett,135013
GARNERS A,3530,723,20.48,1,316,406,307,414,Gwinnett,135014
LAWRENCEVILLE A,3746,605,16.15,1,197,407,195,408,Gwinnett,135015
LAWRENCEVILLE B,5168,811,15.69,1,191,619,185,626,Gwinnett,135016
MARTINS A,3395,447,13.17,1,66,381,64,383,Gwinnett,135017
MARTINS B,3096,428,13.82,1,112,315,114,311,Gwinnett,135018
MARTINS C,2634,464,17.62,1,140,324,139,325,Gwinnett,135019
PINCKNEYVILLE A,2852,347,12.17,1,41,306,36,309,Gwinnett,135020
PINCKNEYVILLE B,3563,415,11.65,1,87,328,83,330,Gwinnett,135021
PINCKNEYVILLE C,2113,578,27.35,1,217,359,203,373,Gwinnett,135022
PINCKNEYVILLE D,2323,253,10.89,1,43,210,42,210,Gwinnett,135023
SUGAR HILL A,4750,604,12.72,1,226,376,221,379,Gwinnett,135024
SUGAR HILL B,5735,817,14.25,1,281,536,282,532,Gwinnett,135025
HOG MOUNTAIN A,5086,705,13.86,1,187,516,185,516,Gwinnett,135026
HOG MOUNTAIN B,4639,850,18.32,1,303,546,299,550,Gwinnett,135027
ROCKYCREEK A,6051,853,14.1,1,284,566,282,569,Gwinnett,135028
CATES B,1589,338,21.27,1,155,182,146,190,Gwinnett,135029
CATES C,2952,503,17.04,1,152,349,147,356,Gwinnett,135030
HOG MOUNTAIN D,3227,505,15.65,1,171,333,165,340,Gwinnett,135031
BERKSHIRE D,2969,641,21.59,1,214,427,212,429,Gwinnett,135032
BERKSHIRE E,2025,370,18.27,1,144,225,141,229,Gwinnett,135033
BERKSHIRE F,2295,353,15.38,1,107,246,106,246,Gwinnett,135034
CATES D,3828,711,18.57,1,216,495,210,500,Gwinnett,135035
CATES E,2964,623,21.02,1,214,407,204,417,Gwinnett,135036
PINCKNEYVILLE E,2242,254,11.33,1,39,214,34,220,Gwinnett,135037
PINCKNEYVILLE F,2618,359,13.71,1,67,291,64,295,Gwinnett,135038
DUNCANS D,7289,1139,15.63,1,497,640,490,648,Gwinnett,135039
PINCKNEYVILLE H,4617,1116,24.17,1,344,772,328,784,Gwinnett,135040
BAYCREEK B,6047,927,15.33,1,192,734,187,736,Gwinnett,135041
LAWRENCEVILLE C,3078,453,14.72,1,182,271,176,277,Gwinnett,135042
MARTINS D,2478,352,14.21,1,67,283,65,284,Gwinnett,135043
ROCKBRIDGE B,4233,641,15.14,1,100,540,99,540,Gwinnett,135044
GARNERS B,3224,568,17.62,1,173,392,170,395,Gwinnett,135045
CATES F,1822,385,21.13,1,170,215,167,218,Gwinnett,135046
CATES G,2928,641,21.89,1,267,374,262,378,Gwinnett,135047
DULUTH B,3635,745,20.5,1,257,486,252,492,Gwinnett,135048
GARNERS C,2040,319,15.64,1,83,236,81,238,Gwinnett,135049
PINCKNEYVILLE I,2726,356,13.06,1,92,263,91,263,Gwinnett,135050
PINCKNEYVILLE J,2691,281,10.44,1,39,242,38,243,Gwinnett,135051
BERKSHIRE G,2436,432,17.73,1,174,258,172,259,Gwinnett,135052
CATES H,4013,566,14.1,1,114,451,110,453,Gwinnett,135053
SUGAR HILL C,5133,753,14.67,1,290,463,280,471,Gwinnett,135054
SUGAR HILL D,4759,607,12.75,1,200,406,197,407,Gwinnett,135055
DULUTH C,2295,443,19.3,1,142,301,136,303,Gwinnett,135056
DULUTH D,5199,765,14.71,1,205,559,196,568,Gwinnett,135057
PINCKNEYVILLE K,3851,447,11.61,1,68,377,67,379,Gwinnett,135058
PINCKNEYVILLE N,3962,444,11.21,1,43,399,41,401,Gwinnett,135059
LAWRENCEVILLE D,5161,593,11.49,1,141,451,137,453,Gwinnett,135060
LAWRENCEVILLE E,2388,497,20.81,1,205,292,203,293,Gwinnett,135061
PINCKNEYVILLE L,2348,663,28.24,1,279,384,266,395,Gwinnett,135062
PINCKNEYVILLE M,2700,641,23.74,1,269,370,254,385,Gwinnett,135063
GARNERS D,3518,680,19.33,1,162,518,161,517,Gwinnett,135064
BERKSHIRE H,2018,258,12.78,1,81,177,77,181,Gwinnett,135065
PINCKNEYVILLE O,3463,393,11.35,1,75,314,78,315,Gwinnett,135066
PUCKETTS E,5774,807,13.98,1,226,578,222,583,Gwinnett,135067
CATES I,3564,678,19.02,1,192,486,192,486,Gwinnett,135068
CATES J,3524,649,18.42,1,204,444,193,456,Gwinnett,135069
GOODWINS B,4015,681,16.96,1,221,456,211,466,Gwinnett,135070
LAWRENCEVILLE F,4146,675,16.28,1,112,562,111,562,Gwinnett,135071
MARTINS E,6447,615,9.54,1,54,558,52,561,Gwinnett,135072
PINCKNEYVILLE P,2215,518,23.39,1,189,329,182,335,Gwinnett,135073
PINCKNEYVILLE Q,1961,213,10.86,1,14,198,11,201,Gwinnett,135074
ROCKBRIDGE C,5214,984,18.87,1,127,856,122,859,Gwinnett,135075
ROCKBRIDGE D,3710,701,18.89,1,139,561,139,560,Gwinnett,135076
GOODWINS C,5902,983,16.66,1,259,723,249,731,Gwinnett,135077
BAYCREEK K,3909,713,18.24,1,239,473,238,473,Gwinnett,135078
CATES K,2838,525,18.5,1,184,339,180,342,Gwinnett,135079
BAYCREEK C,6614,1073,16.22,1,247,823,243,828,Gwinnett,135080
CATES L,4255,739,17.37,1,241,495,236,503,Gwinnett,135081
DULUTH E,4982,864,17.34,1,168,693,165,699,Gwinnett,135082
GOODWINS D,4447,712,16.01,1,223,488,223,488,Gwinnett,135083
LAWRENCEVILLE G,3096,470,15.18,1,98,370,98,370,Gwinnett,135084
LAWRENCEVILLE H,4344,766,17.63,1,243,522,233,529,Gwinnett,135085
MARTINS F,2615,332,12.7,1,61,270,60,271,Gwinnett,135086
PINCKNEYVILLE S,3482,534,15.34,1,147,385,141,391,Gwinnett,135087
ROCKBRIDGE E,4737,703,14.84,1,79,623,79,619,Gwinnett,135088
SUGAR HILL E,3653,507,13.88,1,192,314,182,325,Gwinnett,135089
LAWRENCEVILLE I,3372,500,14.83,1,137,363,131,369,Gwinnett,135090
BAYCREEK D,4658,760,16.32,1,220,539,222,538,Gwinnett,135091
BERKSHIRE J,2763,547,19.8,1,191,355,183,363,Gwinnett,135092
CATES M,4013,823,20.51,1,340,481,328,494,Gwinnett,135093
CATES N,2600,535,20.58,1,279,255,273,261,Gwinnett,135094
DULUTH F,6356,930,14.63,1,152,776,154,773,Gwinnett,135095
DULUTH G,3090,622,20.13,1,245,377,237,385,Gwinnett,135096
GOODWINS E,5582,902,16.16,1,253,646,243,657,Gwinnett,135097
GOODWINS F,3258,563,17.28,1,146,416,144,415,Gwinnett,135098
PINCKNEYVILLE T,3237,558,17.24,1,180,377,177,378,Gwinnett,135099
SUWANEE B,4701,776,16.51,1,258,517,249,526,Gwinnett,135100
PINCKNEYVILLE U,2145,378,17.62,1,97,281,98,280,Gwinnett,135101
PUCKETTS B,3135,458,14.61,1,199,258,194,264,Gwinnett,135102
BERKSHIRE L,3359,454,13.52,1,99,354,100,353,Gwinnett,135103
ROCKBRIDGE F,5867,913,15.56,1,172,740,171,741,Gwinnett,135104
SUGAR HILL F,4181,624,14.92,1,228,395,219,404,Gwinnett,135105
SUWANEE C,5801,1007,17.36,1,315,692,301,704,Gwinnett,135106
CATES O,1458,270,18.52,1,89,180,85,182,Gwinnett,135107
BAYCREEK E,3336,517,15.5,1,159,357,157,360,Gwinnett,135108
BERKSHIRE M,1909,363,19.02,1,143,220,136,226,Gwinnett,135109
MARTINS G,2458,320,13.02,1,58,262,55,264,Gwinnett,135110
DULUTH H,2862,677,23.65,1,224,451,222,453,Gwinnett,135111
BERKSHIRE N,3162,675,21.35,1,268,407,261,412,Gwinnett,135112
PINCKNEYVILLE V,1757,241,13.72,1,63,178,65,174,Gwinnett,135113
PINCKNEYVILLE W,4316,743,17.22,1,252,491,241,502,Gwinnett,135114
MARTINS H,5173,863,16.68,1,240,621,238,623,Gwinnett,135115
MARTINS I,4172,594,14.24,1,130,463,127,466,Gwinnett,135116
MARTINS J,4079,487,11.94,1,53,434,54,433,Gwinnett,135117
GARNERS F,1817,326,17.94,1,114,212,107,218,Gwinnett,135118
BERKSHIRE O,2632,556,21.12,1,220,335,218,335,Gwinnett,135119
BERKSHIRE P,1511,228,15.09,1,65,162,60,168,Gwinnett,135120
PINCKNEYVILLE X,3498,893,25.53,1,284,609,274,618,Gwinnett,135121
ROCKBRIDGE G,5884,1031,17.52,1,137,892,134,895,Gwinnett,135122
PINCKNEYVILLE Y,3293,346,10.51,1,56,290,54,290,Gwinnett,135123
GOODWINS G,2690,402,14.94,1,65,336,65,337,Gwinnett,135124
PINCKNEYVILLE Z,1906,488,25.6,1,205,282,196,291,Gwinnett,135125
PINCKNEYVILLE A1,2709,784,28.94,1,328,455,321,458,Gwinnett,135126
LAWRENCEVILLE J,2292,322,14.05,1,54,266,53,269,Gwinnett,135127
GOODWINS H,2829,458,16.19,1,131,327,130,327,Gwinnett,135128
DUNCANS B,5498,763,13.88,1,307,454,303,460,Gwinnett,135129
SUWANEE D,4795,768,16.02,1,293,474,287,481,Gwinnett,135130
SUWANEE E,4333,720,16.62,1,250,469,242,477,Gwinnett,135131
LAWRENCEVILLE K,3351,581,17.34,1,191,390,185,395,Gwinnett,135132
HARBINS B,4940,557,11.28,1,204,352,198,359,Gwinnett,135133
BAYCREEK F,4689,762,16.25,1,162,600,157,603,Gwinnett,135134
PUCKETTS C,3439,467,13.58,1,178,289,177,290,Gwinnett,135135
HOG MOUNTAIN C,4428,662,14.95,1,222,440,215,446,Gwinnett,135136
ROCKYCREEK B,5128,700,13.65,1,238,462,230,468,Gwinnett,135137
DULUTH I,5172,1192,23.05,1,436,755,434,756,Gwinnett,135138
MARTINS K,5482,845,15.41,1,161,682,159,684,Gwinnett,135139
SUWANEE H,3859,662,17.15,1,302,360,286,375,Gwinnett,135140
SUGAR HILL G,2865,519,18.12,1,175,342,175,343,Gwinnett,135141
SUWANEE F,4031,643,15.95,1,200,441,199,441,Gwinnett,135142
LAWRENCEVILLE L,4877,899,18.43,1,236,663,231,662,Gwinnett,135143
LAWRENCEVILLE M,7422,1098,14.79,1,138,958,142,953,Gwinnett,135144
BAYCREEK G,6406,988,15.42,1,216,771,209,776,Gwinnett,135145
BAYCREEK H,6989,1215,17.38,1,387,826,393,820,Gwinnett,135146
BAYCREEK I,5965,967,16.21,1,250,715,244,719,Gwinnett,135147
BERKSHIRE Q,1825,294,16.11,1,118,176,115,179,Gwinnett,135148
GOODWINS I,2525,472,18.69,1,166,306,158,312,Gwinnett,135149
DULUTH K,2880,317,11.01,1,50,267,53,263,Gwinnett,135150
HARBINS C,2914,342,11.74,1,115,227,114,228,Gwinnett,135151
ROCKYCREEK C,4871,680,13.96,1,220,460,216,463,Gwinnett,135152
LAWRENCEVILLE N,2633,351,13.33,1,114,237,107,243,Gwinnett,135153
PUCKETTS D,3678,607,16.5,1,246,360,241,365,Gwinnett,135154
SUWANEE G,3992,650,16.28,1,157,493,158,492,Gwinnett,135155
BAYCREEK J,4609,757,16.42,1,164,591,159,598,Gwinnett,135156
Wilson,0,1618,0.0,2,1308,309,1304,311,Hall,139001
Chicopee,0,739,0.0,2,396,342,388,349,Hall,139002
Oakwood I,0,458,0.0,2,261,196,258,198,Hall,139003
Oakwood II,0,1064,0.0,2,856,207,850,213,Hall,139004
Flowery Branch I,0,1217,0.0,2,961,254,950,264,Hall,139005
Flowery Branch II,0,855,0.0,2,626,227,624,231,Hall,139006
Roberts,0,1655,0.0,2,1322,332,1316,339,Hall,139007
Morgan I,0,1078,0.0,2,901,177,897,181,Hall,139008
Morgan II,0,1201,0.0,2,883,315,880,319,Hall,139009
Candler,0,1325,0.0,2,976,349,971,353,Hall,139010
Tadmore,0,1265,0.0,2,640,622,647,616,Hall,139011
Glade,0,1081,0.0,2,875,206,870,210,Hall,139012
Lula,0,970,0.0,2,845,124,845,124,Hall,139013
Clermont,0,1381,0.0,2,1263,115,1260,119,Hall,139014
Quillians,0,1148,0.0,2,1041,105,1039,108,Hall,139015
Bark Camp,0,1750,0.0,2,1488,262,1483,267,Hall,139016
Chestatee,0,1096,0.0,2,934,162,922,173,Hall,139017
Fork,0,1017,0.0,2,845,172,839,177,Hall,139018
Whelchel,0,1514,0.0,2,1275,238,1265,245,Hall,139019
West Whelchel,0,1329,0.0,2,1110,219,1103,226,Hall,139020
Gainesville I,0,1113,0.0,2,743,369,731,382,Hall,139021
Gainesville II,0,532,0.0,2,59,472,57,475,Hall,139022
Gainesville III,0,756,0.0,2,368,388,366,389,Hall,139023
Gainesville IV,0,738,0.0,2,462,276,464,274,Hall,139024
Gainesville V,0,389,0.0,2,259,130,257,132,Hall,139025
Gillsville,0,302,0.0,2,254,48,254,48,Hall,139026
Big Hickory,0,1508,0.0,2,1369,139,1367,140,Hall,139027
Friendship I,0,2894,0.0,2,2348,545,2326,566,Hall,139028
Friendship II,0,958,0.0,2,725,232,719,238,Hall,139029
Friendship III,0,1315,0.0,2,991,323,990,324,Hall,139030
Friendship IV,0,1323,0.0,2,950,372,941,382,Hall,139031
Lakeland,5660,3032,53.57,4,2122,902,2121,907,Lanier,1731
Hahira Train Depot,5687,1907,33.53,2,1394,512,1394,508,Lowndes,185001
Trinity,11147,4171,37.42,2,1946,2217,1940,2221,Lowndes,185002
Northside,17932,7274,40.56,2,4041,3213,4037,3223,Lowndes,185003
Naylor,1308,478,36.54,2,274,204,273,205,Lowndes,185004
Rainwater,10115,4172,41.25,2,2528,1636,2538,1626,Lowndes,185005
Mildred,4400,1367,31.07,2,163,1193,165,1198,Lowndes,185006
Clyattville,4854,1514,31.19,2,974,537,976,534,Lowndes,185007
Dasher,4365,1474,33.77,2,1137,333,1137,335,Lowndes,185008
S Lowndes,4082,1280,31.36,2,906,372,902,375,Lowndes,185009
VSU UC # 2,339,35,10.32,2,2,33,2,33,Lowndes,185010
Jaycee Shack,6449,2117,32.83,2,356,1754,360,1752,Lowndes,185011
Northgate Assembly,2033,642,31.58,2,335,302,332,305,Lowndes,185012
Mt Calvary,4653,1197,25.73,2,75,1116,76,1119,Lowndes,185013
Barwick,656,261,39.79,2,211,49,211,49,Thomas,275101
Boston,1683,703,41.77,2,344,357,342,358,Thomas,275102
Central,3584,1795,50.08,2,1151,636,1164,625,Thomas,275103
Coolidge,1012,276,27.27,2,197,79,199,76,Thomas,275104
Douglass,2525,947,37.5,2,158,784,158,784,Thomas,275105
LIttle Ochlocknee Baptist Church,1177,512,43.5,2,379,132,378,134,Thomas,275106
Fire Station #2,1432,815,56.91,2,568,246,567,247,Thomas,275107
Gatlin Creek,2140,1014,47.38,2,730,283,733,280,Thomas,275108
Harper,2045,944,46.16,2,219,718,221,721,Thomas,275109
Jerger,1930,1075,55.7,2,661,413,665,409,Thomas,275110
Meigs,891,233,26.15,2,155,77,155,76,Thomas,275111
Metcalfe,311,108,34.73,2,67,41,67,40,Thomas,275113
New Covenant,2191,1002,45.73,2,704,297,706,292,Thomas,275114
Ochlocknee,1217,402,33.03,2,311,90,312,90,Thomas,275115
Pavo,688,198,28.78,2,144,54,144,54,Thomas,275117
Remington Esc,2236,1378,61.63,4,822,552,826,546,Thomas,275118
Resource Center,1385,632,45.63,2,49,580,49,581,Thomas,275119
Scott,2555,1400,54.79,2,817,579,820,579,Thomas,275120
Merrillville,724,332,45.86,2,221,110,221,111,Thomas,275112
Patten,415,158,38.07,2,126,32,124,34,Thomas,275116
Blue Creek,0,1092,0.0,2,810,280,805,285,White,311011
Blue Ridge,0,377,0.0,2,304,72,299,75,White,311021
Helen,0,240,0.0,2,169,71,167,73,White,311031
Mossy Creek,0,1221,0.0,2,1047,173,1045,176,White,311041
Mt Yonah,0,1974,0.0,2,1582,389,1569,401,White,311051
Nacoochee,0,889,0.0,2,605,284,597,291,White,311061
Robertstown,0,156,0.0,2,107,48,108,47,White,311071
Shoal Creek,0,912,0.0,2,762,149,760,152,White,311081
Tesnatee,0,571,0.0,2,455,116,449,120,White,311091
Town Creek,0,674,0.0,2,539,133,540,134,White,311101
White Creek,0,686,0.0,2,607,76,602,81,White,311111
1A,2582,0,0.0,1,0,0,0,0,Whitfield,3131A
2A,3131,0,0.0,1,0,0,0,0,Whitfield,3132A
3A,2250,0,0.0,1,0,0,0,0,Whitfield,3133A
4A,2644,0,0.0,1,0,0,0,0,Whitfield,3134A
5A,2278,0,0.0,1,0,0,0,0,Whitfield,3135A
6A,1756,0,0.0,1,0,0,0,0,Whitfield,3136A
AN,2548,0,0.0,1,0,0,0,0,Whitfield,313AN
CA,2004,0,0.0,1,0,0,0,0,Whitfield,313CA
CO,1464,0,0.0,1,0,0,0,0,Whitfield,313CO
DG,3358,0,0.0,1,0,0,0,0,Whitfield,313DG
ES,1760,0,0.0,1,0,0,0,0,Whitfield,313ES
FI,2194,0,0.0,1,0,0,0,0,Whitfield,313FI
GL,2573,0,0.0,1,0,0,0,0,Whitfield,313GL
LT,1185,0,0.0,1,0,0,0,0,Whitfield,313LT
MC,1698,0,0.0,1,0,0,0,0,Whitfield,313MC
NI,2497,0,0.0,1,0,0,0,0,Whitfield,313NI
PG,4848,0,0.0,1,0,0,0,0,Whitfield,313PG
TH,3911,0,0.0,1,0,0,0,0,Whitfield,313TH
TI,791,0,0.0,1,0,0,0,0,Whitfield,313TI
TR,1361,0,0.0,1,0,0,0,0,Whitfield,313TR
UT,1071,0,0.0,1,0,0,0,0,Whitfield,313UT
VA,5350,0,0.0,1,0,0,0,0,Whitfield,313VA
WS,2678,0,0.0,1,0,0,0,0,Whitfield,313WS
Rochelle North 1,571,261,45.71,4,77,184,77,184,Wilcox,3151A
Abbeville North 2,449,313,69.71,4,218,94,218,95,Wilcox,3152A
Pineview 2,648,411,63.43,4,226,183,227,184,Wilcox,3152B
Pitts 3,904,246,27.21,2,204,41,202,43,Wilcox,3153A
Rochelle South 4,1066,674,63.23,4,592,79,593,77,Wilcox,3154A
Abbeville South 5,1197,627,52.38,4,477,148,475,152,Wilcox,3155A
Senior Citizen Center,1568,732,46.68,2,271,454,270,460,Wilkes,3171
Young Farmers Bldg,1199,843,70.31,4,650,190,653,188,Wilkes,3172A
Metasville Fire Sta,615,423,68.78,4,303,118,303,120,Wilkes,3172B
Edward B Pope Center,1025,619,60.39,4,178,440,180,438,Wilkes,3173A
Rayle City Hall,578,186,32.18,2,97,89,96,90,Wilkes,3173B
Courthouse,1023,675,65.98,4,447,227,447,226,Wilkes,3174A
Tignal Sch Lunch Rm,906,345,38.08,2,183,160,183,161,Wilkes,3174B
Bloodworth,0,0,0.0,1,0,0,0,0,Wilkinson,31902
Griffin,0,0,0.0,1,0,0,0,0,Wilkinson,31903
High Hill,0,0,0.0,1,0,0,0,0,Wilkinson,31904
Irwinton,0,0,0.0,1,0,0,0,0,Wilkinson,31905
Ivey,0,0,0.0,1,0,0,0,0,Wilkinson,31906
Lord,0,0,0.0,1,0,0,0,0,Wilkinson,31907
Midway,0,0,0.0,1,0,0,0,0,Wilkinson,31908
Ramah,0,0,0.0,1,0,0,0,0,Wilkinson,31910
Turkey Creek,0,0,0.0,1,0,0,0,0,Wilkinson,31911
Sylvester,2910,1070,36.77,2,340,728,344,724,Worth,3211
Scooterville,596,124,20.81,2,104,19,104,19,Worth,32110
Minton,541,139,25.69,2,121,17,122,17,Worth,32111
Bridgeboro,1251,347,27.74,2,266,79,265,80,Worth,32112
County Line,875,234,26.74,2,167,65,167,65,Worth,32114
Isabella,1380,539,39.06,2,446,90,444,94,Worth,32115
Piney Woods,318,120,37.74,2,64,55,65,55,Worth,32116
Sylvester East,1362,545,40.01,2,394,149,393,150,Worth,3212
Poulan,850,263,30.94,2,195,68,194,67,Worth,3213
Sumner,846,255,30.14,2,183,71,185,70,Worth,3214
Shingler,541,186,34.38,2,149,37,148,38,Worth,3215
Red Rock,1230,318,25.85,2,201,117,202,115,Worth,3216
Doles,432,117,27.08,2,97,20,98,19,Worth,3217
Oakfield,213,73,34.27,2,45,28,45,28,Worth,3218
Warwick,676,209,30.92,2,116,93,116,93,Worth,3219
